ws,power,ct
4.0,285.3,0.796
4.5,447.0,0.798
5.0,648.9,0.799
5.5,895.4,0.799
6.0,1190.9,0.8
6.5,1539.8,0.8
7.0,1946.7,0.8
7.5,2416.0,0.8
8.0,2952.3,0.8
8.5,3559.9,0.8
9.0,4243.4,0.8
9.5,5007.3,0.8
10.0,5855.9,0.8
10.5,6792.6,0.8
11.0,7803.5,0.797
11.5,8781.5,0.778
12.0,9500.3,0.728
12.5,9854.6,0.651
13.0,9969.5,0.572
13.5,9995.2,0.502
14.0,9999.4,0.443
14.5,9999.9,0.394
15.0,10000.0,0.353
15.5,10000.0,0.317
16.0,10000.0,0.286
16.5,10000.0,0.259
17.0,10000.0,0.236
17.5,10000.0,0.215
18.0,10000.0,0.197
18.5,10000.0,0.181
19.0,10000.0,0.166
19.5,10000.0,0.154
20.0,10000.0,0.142
20.5,10000.0,0.132
21.0,10000.0,0.122
21.5,10000.0,0.114
22.0,10000.0,0.106
22.5,10000.0,0.099
23.0,10000.0,0.092
23.5,10000.0,0.087
24.0,10000.0,0.081
24.5,10000.0,0.076
25.0,10000.0,0.072
