wind_farm,oem_manufacturer,latitude,longitude,country,rated_power,rotor_diameter,hub_height,turbine_type,commissioning_date
Tahkoluoto,Siemens,61.60425,21.45331,Finland,4.0,130.0,90.0,SWT-4.0-130,2017-08
Tahkoluoto,Siemens,61.63018,21.37455,Finland,4.0,130.0,90.0,SWT-4.0-130,2017-08
Tahkoluoto,Siemens,61.63722,21.39482,Finland,4.0,130.0,90.0,SWT-4.0-130,2017-08
Tahkoluoto,Siemens,61.63356,21.38004,Finland,4.0,130.0,90.0,SWT-4.0-130,2017-08
Tahkoluoto,Siemens,61.6312,21.38077,Finland,4.0,130.0,90.0,SWT-4.0-130,2017-08
Tahkoluoto,Siemens,61.63589,21.38048,Finland,4.0,130.0,90.0,SWT-4.0-130,2017-08
Tahkoluoto,Siemens,61.63671,21.40313,Finland,4.0,130.0,90.0,SWT-4.0-130,2017-08
Tahkoluoto,Siemens,61.6194,21.37913,Finland,4.0,130.0,90.0,SWT-4.0-130,2017-08
Tahkoluoto,Siemens,61.62432,21.3696,Finland,4.0,130.0,90.0,SWT-4.0-130,2017-08
Tahkoluoto,Siemens,61.62864,21.36314,Finland,4.0,130.0,90.0,SWT-4.0-130,2017-08
Tahkoluoto,Siemens,61.62064,21.36171,Finland,4.0,130.0,90.0,SWT-4.0-130,2017-08
Tahkoluoto,Siemens,61.64339,21.35358,Finland,4.0,130.0,90.0,SWT-4.0-130,2017-08
Tahkoluoto,Siemens,61.62422,21.35269,Finland,4.0,130.0,90.0,SWT-4.0-130,2017-08
Tahkoluoto,Siemens,61.61747,21.35142,Finland,4.0,130.0,90.0,SWT-4.0-130,2017-08
Tahkoluoto,Siemens,61.63941,21.34563,Finland,4.0,130.0,90.0,SWT-4.0-130,2017-08
Tahkoluoto,Siemens,61.62841,21.3447,Finland,4.0,130.0,90.0,SWT-4.0-130,2017-08
Tahkoluoto,Siemens,61.62064,21.3412,Finland,4.0,130.0,90.0,SWT-4.0-130,2017-08
Tahkoluoto,Siemens,61.6354,21.33708,Finland,4.0,130.0,90.0,SWT-4.0-130,2017-08
